timestamp,city,temperature,humidity,rainfall,aqi
2025-08-15 10:42:49.619283,Delhi,31.26,70.8,0.0,148.5
2025-08-15 10:42:49.619283,Mumbai,29.09,69.0,0.0,119.5
2025-08-15 10:42:49.619283,London,20.28,58.6,0.0,101.3
2025-08-15 10:42:49.619283,New York,21.28,62.8,0.0,156.7
2025-08-15 13:42:49.619283,Delhi,32.11,62.7,0.0,149.9
2025-08-15 13:42:49.619283,Mumbai,28.53,63.1,0.0,145.7
2025-08-15 13:42:49.619283,London,12.55,62.0,0.0,88.2
2025-08-15 13:42:49.619283,New York,23.6,73.4,0.0,81.4
2025-08-15 16:42:49.619283,Delhi,32.41,73.7,0.0,183.0
2025-08-15 16:42:49.619283,Mumbai,32.17,91.9,0.0,159.8
2025-08-15 16:42:49.619283,London,18.71,93.1,0.0,68.6
2025-08-15 16:42:49.619283,New York,24.41,54.5,3.87,93.2
2025-08-15 19:42:49.619283,New York,22.85,79.2,0.24,111.6
2025-08-15 19:42:49.619283,London,19.9,90.8,0.0,82.8
2025-08-15 19:42:49.619283,Delhi,30.37,73.1,0.0,146.3
2025-08-15 19:42:49.619283,Mumbai,30.85,81.6,0.0,133.8
2025-08-15 22:42:49.619283,Delhi,29.76,65.2,0.0,162.3
2025-08-15 22:42:49.619283,Mumbai,29.08,70.7,0.0,122.8
2025-08-15 22:42:49.619283,London,13.44,68.1,0.0,44.5
2025-08-15 22:42:49.619283,New York,22.91,68.5,0.0,73.7
2025-08-16 01:42:49.619283,Delhi,29.7,70.2,0.0,109.9
2025-08-16 01:42:49.619283,Mumbai,24.99,94.1,0.0,109.1
2025-08-16 01:42:49.619283,London,15.94,64.2,0.0,21.5
2025-08-16 01:42:49.619283,New York,21.64,71.6,0.0,126.6
2025-08-16 04:42:49.619283,New York,16.79,63.8,0.0,141.8
2025-08-16 04:42:49.619283,Delhi,27.13,47.7,0.0,183.4
2025-08-16 04:42:49.619283,Mumbai,22.95,65.7,0.0,135.4
2025-08-16 04:42:49.619283,London,11.39,73.0,0.0,59.5
2025-08-16 07:42:49.619283,New York,23.26,44.4,0.84,97.7
2025-08-16 07:42:49.619283,London,16.03,58.3,0.0,113.8
2025-08-16 07:42:49.619283,Delhi,28.66,59.7,0.0,154.0
2025-08-16 07:42:49.619283,Mumbai,26.63,73.9,0.0,120.9
2025-08-16 10:42:49.619283,Delhi,32.06,62.3,0.0,138.5
2025-08-16 10:42:49.619283,Mumbai,30.91,80.8,0.09,75.2
2025-08-16 10:42:49.619283,London,14.45,74.0,0.0,36.5
2025-08-16 10:42:49.619283,New York,19.68,58.7,0.0,97.1
2025-08-16 13:42:49.619283,Delhi,29.18,46.1,0.0,122.3
2025-08-16 13:42:49.619283,Mumbai,29.3,66.0,0.0,162.3
2025-08-16 13:42:49.619283,London,14.09,67.3,0.0,97.2
2025-08-16 13:42:49.619283,New York,23.17,60.9,0.0,60.9
2025-08-16 16:42:49.619283,Delhi,35.51,49.7,0.0,81.2
2025-08-16 16:42:49.619283,Mumbai,32.8,77.7,0.0,85.7
2025-08-16 16:42:49.619283,London,18.06,77.1,0.81,34.5
2025-08-16 16:42:49.619283,New York,24.34,67.6,0.0,93.1
2025-08-16 19:42:49.619283,Mumbai,29.6,71.4,0.0,73.0
2025-08-16 19:42:49.619283,New York,25.87,51.0,0.0,107.5
2025-08-16 19:42:49.619283,Delhi,32.55,60.4,0.0,124.0
2025-08-16 19:42:49.619283,London,14.86,79.5,0.0,61.8
2025-08-16 22:42:49.619283,Delhi,32.64,55.1,0.0,142.6
2025-08-16 22:42:49.619283,Mumbai,27.68,81.0,0.0,111.3
2025-08-16 22:42:49.619283,London,14.9,88.9,0.0,98.3
2025-08-16 22:42:49.619283,New York,22.51,59.9,0.0,30.7
2025-08-17 01:42:49.619283,Delhi,25.9,72.8,0.0,92.0
2025-08-17 01:42:49.619283,Mumbai,25.21,69.0,0.0,143.7
2025-08-17 01:42:49.619283,London,11.37,78.9,0.0,10.0
2025-08-17 01:42:49.619283,New York,21.59,72.0,0.0,81.3
2025-08-17 04:42:49.619283,London,11.51,65.0,0.0,48.0
2025-08-17 04:42:49.619283,Delhi,26.98,74.7,0.0,126.3
2025-08-17 04:42:49.619283,Mumbai,27.07,83.8,0.0,129.5
2025-08-17 04:42:49.619283,New York,19.63,72.2,0.0,96.6
2025-08-17 07:42:49.619283,New York,17.49,81.7,0.0,64.1
2025-08-17 07:42:49.619283,London,12.85,53.8,0.0,80.1
2025-08-17 07:42:49.619283,Delhi,26.7,60.2,0.0,168.7
2025-08-17 07:42:49.619283,Mumbai,23.82,62.4,0.0,154.7
2025-08-17 10:42:49.619283,Delhi,27.47,60.1,0.0,221.2
2025-08-17 10:42:49.619283,Mumbai,28.5,93.5,0.0,132.7
2025-08-17 10:42:49.619283,London,13.82,74.3,0.0,53.0
2025-08-17 10:42:49.619283,New York,25.16,57.4,0.0,83.2
2025-08-17 13:42:49.619283,Delhi,32.82,52.0,0.0,155.8
2025-08-17 13:42:49.619283,Mumbai,29.28,79.6,0.0,117.8
2025-08-17 13:42:49.619283,London,18.07,66.2,0.0,25.6
2025-08-17 13:42:49.619283,New York,26.88,61.9,0.0,67.5
2025-08-17 16:42:49.619283,New York,24.7,62.2,0.0,105.2
2025-08-17 16:42:49.619283,Delhi,32.13,67.5,0.0,152.6
2025-08-17 16:42:49.619283,Mumbai,27.95,77.2,0.0,127.6
2025-08-17 16:42:49.619283,London,17.74,65.6,0.0,60.5
2025-08-17 19:42:49.619283,New York,26.82,78.8,0.0,121.9
2025-08-17 19:42:49.619283,London,18.46,58.6,0.0,67.5
2025-08-17 19:42:49.619283,Delhi,29.09,67.8,0.0,135.1
2025-08-17 19:42:49.619283,Mumbai,29.98,69.8,0.0,110.0
2025-08-17 22:42:49.619283,Delhi,32.0,59.3,0.0,146.8
2025-08-17 22:42:49.619283,Mumbai,28.83,87.3,0.0,111.6
2025-08-17 22:42:49.619283,London,22.43,69.9,0.91,47.8
2025-08-17 22:42:49.619283,New York,23.2,71.3,0.0,66.8
2025-08-18 01:42:49.619283,New York,20.21,82.4,0.0,27.2
2025-08-18 01:42:49.619283,Delhi,30.21,51.7,0.0,173.3
2025-08-18 01:42:49.619283,Mumbai,21.02,72.2,0.0,108.2
2025-08-18 01:42:49.619283,London,11.12,60.8,0.0,38.3
2025-08-18 04:42:49.619283,London,11.26,72.9,0.0,38.5
2025-08-18 04:42:49.619283,New York,18.14,83.1,0.0,77.4
2025-08-18 04:42:49.619283,Delhi,29.7,60.6,0.0,167.9
2025-08-18 04:42:49.619283,Mumbai,25.35,86.5,0.0,92.6
2025-08-18 07:42:49.619283,New York,21.87,60.6,0.0,81.9
2025-08-18 07:42:49.619283,London,9.82,68.0,0.0,10.0
2025-08-18 07:42:49.619283,Delhi,24.34,77.1,0.0,176.6
2025-08-18 07:42:49.619283,Mumbai,24.72,71.6,0.0,150.1
2025-08-18 10:42:49.619283,Delhi,30.23,68.4,0.0,140.1
2025-08-18 10:42:49.619283,Mumbai,27.36,83.7,0.0,127.5
2025-08-18 10:42:49.619283,London,16.46,55.7,0.0,57.3
2025-08-18 10:42:49.619283,New York,18.9,74.6,0.0,27.2
2025-08-18 13:42:49.619283,Delhi,30.93,53.4,0.0,163.9
2025-08-18 13:42:49.619283,Mumbai,30.13,93.2,0.0,72.5
2025-08-18 13:42:49.619283,London,15.46,65.4,0.0,66.0
2025-08-18 13:42:49.619283,New York,23.46,76.4,0.0,148.6
2025-08-18 16:42:49.619283,New York,26.7,75.2,0.0,45.5
2025-08-18 16:42:49.619283,London,17.34,91.1,0.0,28.2
2025-08-18 16:42:49.619283,Mumbai,31.18,88.9,0.0,143.4
2025-08-18 16:42:49.619283,Delhi,32.81,70.1,0.0,153.8
2025-08-18 19:42:49.619283,Delhi,29.62,59.4,0.0,129.0
2025-08-18 19:42:49.619283,Mumbai,27.29,66.6,0.0,162.9
2025-08-18 19:42:49.619283,London,18.67,64.9,0.0,71.7
2025-08-18 19:42:49.619283,New York,26.87,60.5,0.0,157.5
2025-08-18 22:42:49.619283,Delhi,26.92,52.1,0.0,178.2
2025-08-18 22:42:49.619283,Mumbai,28.76,95.8,0.0,120.0
2025-08-18 22:42:49.619283,London,20.08,71.2,0.0,90.5
2025-08-18 22:42:49.619283,New York,24.44,62.3,0.0,93.7
2025-08-19 01:42:49.619283,Mumbai,23.43,94.9,0.0,137.6
2025-08-19 01:42:49.619283,London,12.51,63.7,0.0,109.9
2025-08-19 01:42:49.619283,Delhi,28.04,73.7,0.0,121.0
2025-08-19 01:42:49.619283,New York,17.01,53.7,0.0,88.5
2025-08-19 04:42:49.619283,New York,17.42,58.0,0.0,50.6
2025-08-19 04:42:49.619283,London,8.5,64.0,0.86,70.6
2025-08-19 04:42:49.619283,Delhi,27.0,65.2,0.0,91.9
2025-08-19 04:42:49.619283,Mumbai,24.93,85.8,0.0,126.8
2025-08-19 07:42:49.619283,Delhi,31.36,76.0,0.0,138.9
2025-08-19 07:42:49.619283,Mumbai,32.37,89.0,0.0,168.5
2025-08-19 07:42:49.619283,London,13.95,57.1,0.0,41.7
2025-08-19 07:42:49.619283,New York,17.91,59.9,0.0,75.3
2025-08-19 10:42:49.619283,Delhi,28.94,57.7,0.0,55.7
2025-08-19 10:42:49.619283,Mumbai,27.22,89.0,0.0,86.7
2025-08-19 10:42:49.619283,London,14.2,60.0,0.0,21.2
2025-08-19 10:42:49.619283,New York,20.92,65.1,0.0,46.6
2025-08-19 13:42:49.619283,Delhi,31.02,73.1,0.0,163.8
2025-08-19 13:42:49.619283,Mumbai,30.72,60.0,0.0,82.7
2025-08-19 13:42:49.619283,London,22.68,79.3,0.1,122.7
2025-08-19 13:42:49.619283,New York,25.7,50.2,0.0,66.7
2025-08-19 16:42:49.619283,New York,27.74,74.9,0.0,20.3
2025-08-19 16:42:49.619283,London,17.2,65.5,0.0,43.5
2025-08-19 16:42:49.619283,Delhi,35.94,71.9,0.0,165.9
2025-08-19 16:42:49.619283,Mumbai,29.18,64.1,0.0,95.5
2025-08-19 19:42:49.619283,Delhi,29.18,63.7,0.0,122.3
2025-08-19 19:42:49.619283,Mumbai,27.52,66.5,0.0,146.7
2025-08-19 19:42:49.619283,London,20.84,76.8,0.0,65.2
2025-08-19 19:42:49.619283,New York,24.14,63.5,0.0,116.0
2025-08-19 22:42:49.619283,Delhi,34.27,66.2,0.0,190.7
2025-08-19 22:42:49.619283,Mumbai,26.04,90.7,0.0,117.9
2025-08-19 22:42:49.619283,London,14.71,61.9,0.0,52.1
2025-08-19 22:42:49.619283,New York,22.53,72.9,0.76,103.3
2025-08-20 01:42:49.619283,Delhi,29.46,72.0,0.0,212.5
2025-08-20 01:42:49.619283,Mumbai,28.02,68.9,0.0,97.6
2025-08-20 01:42:49.619283,London,11.91,67.5,0.0,14.1
2025-08-20 01:42:49.619283,New York,25.17,65.4,0.0,75.3
2025-08-20 04:42:49.619283,New York,18.33,73.1,0.05,25.0
2025-08-20 04:42:49.619283,London,12.06,79.1,0.0,11.9
2025-08-20 04:42:49.619283,Delhi,28.34,61.2,0.0,129.6
2025-08-20 04:42:49.619283,Mumbai,23.68,74.8,0.0,90.7
2025-08-20 07:42:49.619283,Delhi,29.42,46.8,0.0,169.0
2025-08-20 07:42:49.619283,Mumbai,27.18,81.4,0.0,115.8
2025-08-20 07:42:49.619283,London,16.65,44.0,0.0,52.9
2025-08-20 07:42:49.619283,New York,19.48,64.8,0.01,115.5
2025-08-20 10:42:49.619283,Delhi,26.4,61.7,0.0,144.6
2025-08-20 10:42:49.619283,Mumbai,31.58,74.7,0.0,137.1
2025-08-20 10:42:49.619283,London,15.88,71.2,0.0,59.6
2025-08-20 10:42:49.619283,New York,22.4,68.6,0.0,30.6
2025-08-20 13:42:49.619283,New York,24.78,48.6,0.0,47.8
2025-08-20 13:42:49.619283,Delhi,30.22,60.6,0.0,176.2
2025-08-20 13:42:49.619283,Mumbai,31.25,92.2,0.0,159.7
2025-08-20 13:42:49.619283,London,14.32,61.3,0.0,34.3
2025-08-20 16:42:49.619283,New York,23.51,71.4,0.0,54.7
2025-08-20 16:42:49.619283,London,18.65,60.7,0.0,28.3
2025-08-20 16:42:49.619283,Delhi,34.86,64.4,0.0,178.8
2025-08-20 16:42:49.619283,Mumbai,31.04,70.1,1.82,161.7
2025-08-20 19:42:49.619283,Delhi,34.45,66.4,0.0,128.5
2025-08-20 19:42:49.619283,Mumbai,30.81,64.0,0.84,130.1
2025-08-20 19:42:49.619283,London,13.64,64.8,0.0,84.4
2025-08-20 19:42:49.619283,New York,23.44,65.8,0.0,51.2
2025-08-20 22:42:49.619283,London,15.2,81.7,0.0,34.1
2025-08-20 22:42:49.619283,Delhi,28.93,65.5,0.0,159.5
2025-08-20 22:42:49.619283,Mumbai,27.74,84.2,0.0,142.0
2025-08-20 22:42:49.619283,New York,20.76,56.4,0.0,98.4
2025-08-21 01:42:49.619283,New York,18.86,58.3,0.0,81.5
2025-08-21 01:42:49.619283,London,12.48,76.0,0.0,109.3
2025-08-21 01:42:49.619283,Mumbai,26.59,76.7,0.0,120.7
2025-08-21 01:42:49.619283,Delhi,28.68,68.9,0.0,129.3
2025-08-21 04:42:49.619283,Delhi,27.43,66.3,0.0,188.9
2025-08-21 04:42:49.619283,Mumbai,25.75,87.4,1.11,149.3
2025-08-21 04:42:49.619283,London,12.57,80.5,0.19,76.2
2025-08-21 04:42:49.619283,New York,19.16,56.9,0.0,148.4
2025-08-21 07:42:49.619283,Delhi,28.36,57.8,0.0,151.1
2025-08-21 07:42:49.619283,Mumbai,25.96,79.6,0.82,87.3
2025-08-21 07:42:49.619283,London,12.89,64.3,0.0,28.4
2025-08-21 07:42:49.619283,New York,19.82,76.9,0.52,71.5
2025-08-21 10:42:49.619283,London,13.41,72.6,0.0,27.2
2025-08-21 10:42:49.619283,New York,25.36,64.4,0.0,57.1
2025-08-21 10:42:49.619283,Delhi,28.4,66.6,0.0,133.2
2025-08-21 10:42:49.619283,Mumbai,27.16,70.8,0.0,140.4
2025-08-21 13:42:49.619283,Delhi,28.58,64.2,0.0,158.1
2025-08-21 13:42:49.619283,Mumbai,28.34,90.4,1.01,113.5
2025-08-21 13:42:49.619283,London,17.89,85.3,0.0,105.0
2025-08-21 13:42:49.619283,New York,21.75,81.6,0.0,155.4
2025-08-21 16:42:49.619283,Delhi,30.71,70.1,0.0,185.0
2025-08-21 16:42:49.619283,Mumbai,30.77,79.6,0.0,152.7
2025-08-21 16:42:49.619283,London,17.79,78.1,0.0,35.6
2025-08-21 16:42:49.619283,New York,24.16,66.1,0.0,27.1
2025-08-21 19:42:49.619283,New York,26.04,67.6,0.0,128.5
2025-08-21 19:42:49.619283,Delhi,32.71,64.2,0.0,130.5
2025-08-21 19:42:49.619283,Mumbai,27.37,79.0,0.0,89.8
2025-08-21 19:42:49.619283,London,14.88,68.0,0.0,84.4
2025-08-21 22:42:49.619283,London,12.39,59.6,0.0,24.0
2025-08-21 22:42:49.619283,New York,16.26,70.7,0.0,65.2
2025-08-21 22:42:49.619283,Delhi,33.71,46.7,0.0,110.1
2025-08-21 22:42:49.619283,Mumbai,26.46,77.5,0.0,176.5
2025-08-22 01:42:49.619283,Delhi,28.92,70.8,0.0,174.1
2025-08-22 01:42:49.619283,Mumbai,25.47,67.5,0.0,115.3
2025-08-22 01:42:49.619283,London,13.25,72.6,0.0,78.3
2025-08-22 01:42:49.619283,New York,21.86,51.0,0.0,52.5
2025-08-22 04:42:49.619283,Delhi,24.78,55.9,0.14,111.0
2025-08-22 04:42:49.619283,Mumbai,27.99,76.6,0.0,155.0
2025-08-22 04:42:49.619283,London,12.28,48.5,0.0,20.3
2025-08-22 04:42:49.619283,New York,21.03,61.7,0.0,110.9
2025-08-22 07:42:49.619283,Delhi,26.04,61.9,0.64,187.0
2025-08-22 07:42:49.619283,Mumbai,26.76,88.3,0.08,85.8
2025-08-22 07:42:49.619283,London,14.52,69.2,0.0,23.3
2025-08-22 07:42:49.619283,New York,18.83,64.2,0.0,39.1
2025-08-22 10:42:49.619283,New York,23.45,71.6,0.07,96.9
2025-08-22 10:42:49.619283,London,17.13,59.4,0.0,79.6
2025-08-22 10:42:49.619283,Delhi,29.34,64.1,0.0,101.5
2025-08-22 10:42:49.619283,Mumbai,24.07,79.5,0.19,118.2
2025-08-22 13:42:49.619283,Delhi,28.55,76.7,0.85,152.4
2025-08-22 13:42:49.619283,Mumbai,25.52,89.4,0.0,109.3
2025-08-22 13:42:49.619283,London,16.93,61.9,0.0,22.4
2025-08-22 13:42:49.619283,New York,23.53,73.3,0.0,109.3
2025-08-22 16:42:49.619283,Delhi,32.24,49.7,0.0,136.3
2025-08-22 16:42:49.619283,Mumbai,31.77,79.9,0.0,115.8
2025-08-22 16:42:49.619283,London,16.02,80.1,0.8,10.0
2025-08-22 16:42:49.619283,New York,24.69,60.9,0.0,30.9
2025-08-22 19:42:49.619283,London,19.98,73.5,0.0,25.3
2025-08-22 19:42:49.619283,Delhi,34.83,84.1,0.0,155.4
2025-08-22 19:42:49.619283,Mumbai,29.27,72.3,0.0,132.6
2025-08-22 19:42:49.619283,New York,23.04,70.3,0.0,60.2
2025-08-22 22:42:49.619283,New York,21.58,72.1,0.0,56.4
2025-08-22 22:42:49.619283,London,14.46,72.6,0.0,18.1
2025-08-22 22:42:49.619283,Delhi,31.73,60.4,0.0,177.1
2025-08-22 22:42:49.619283,Mumbai,26.54,77.2,0.0,136.7
2025-08-23 01:42:49.619283,Delhi,28.25,58.6,0.0,136.3
2025-08-23 01:42:49.619283,Mumbai,23.67,72.3,0.0,149.2
2025-08-23 01:42:49.619283,London,10.04,76.6,0.0,44.6
2025-08-23 01:42:49.619283,New York,20.6,54.3,0.51,104.1
2025-08-23 04:42:49.619283,Delhi,29.55,62.0,0.29,131.0
2025-08-23 04:42:49.619283,Mumbai,23.53,79.0,0.0,117.1
2025-08-23 04:42:49.619283,London,11.67,71.1,0.0,13.2
2025-08-23 04:42:49.619283,New York,18.37,76.7,0.0,82.3
2025-08-23 07:42:49.619283,London,13.11,59.9,0.0,60.4
2025-08-23 07:42:49.619283,New York,20.87,65.6,0.0,79.1
2025-08-23 07:42:49.619283,Delhi,25.96,55.7,0.0,186.0
2025-08-23 07:42:49.619283,Mumbai,27.5,65.7,0.0,109.2
2025-08-23 10:42:49.619283,Delhi,29.29,67.9,0.0,170.7
2025-08-23 10:42:49.619283,Mumbai,27.78,81.3,0.0,121.5
2025-08-23 10:42:49.619283,London,19.14,83.1,0.0,73.2
2025-08-23 10:42:49.619283,New York,18.93,77.5,0.27,80.4
2025-08-23 13:42:49.619283,Delhi,30.86,66.0,1.22,136.2
2025-08-23 13:42:49.619283,Mumbai,28.61,76.0,0.0,129.0
2025-08-23 13:42:49.619283,London,17.7,61.7,0.45,63.3
2025-08-23 13:42:49.619283,New York,25.58,56.5,0.33,28.7
2025-08-23 16:42:49.619283,New York,24.83,77.0,0.5,72.8
2025-08-23 16:42:49.619283,Delhi,31.76,42.4,0.0,134.6
2025-08-23 16:42:49.619283,Mumbai,29.1,82.4,1.6,43.1
2025-08-23 16:42:49.619283,London,18.59,74.2,0.0,43.3
2025-08-23 19:42:49.619283,London,15.48,56.9,0.0,41.1
2025-08-23 19:42:49.619283,New York,23.13,73.2,0.0,163.7
2025-08-23 19:42:49.619283,Delhi,36.81,56.5,0.0,179.2
2025-08-23 19:42:49.619283,Mumbai,31.0,84.9,0.0,111.7
2025-08-23 22:42:49.619283,Delhi,28.82,56.4,0.15,171.8
2025-08-23 22:42:49.619283,Mumbai,23.73,89.6,0.0,118.2
2025-08-23 22:42:49.619283,London,18.95,69.7,0.0,79.9
2025-08-23 22:42:49.619283,New York,22.42,54.2,0.0,96.4
2025-08-24 01:42:49.619283,Delhi,26.7,67.2,0.0,165.6
2025-08-24 01:42:49.619283,Mumbai,21.84,67.6,0.0,132.7
2025-08-24 01:42:49.619283,London,13.79,67.6,0.0,30.2
2025-08-24 01:42:49.619283,New York,21.72,63.2,0.0,57.4
2025-08-24 04:42:49.619283,Delhi,28.3,66.0,0.31,123.8
2025-08-24 04:42:49.619283,Mumbai,24.75,62.1,0.0,153.5
2025-08-24 04:42:49.619283,London,10.42,75.2,0.0,34.3
2025-08-24 04:42:49.619283,New York,19.09,69.9,0.27,103.3
2025-08-24 07:42:49.619283,New York,21.31,59.1,0.0,141.2
2025-08-24 07:42:49.619283,London,13.46,69.4,0.0,69.0
2025-08-24 07:42:49.619283,Mumbai,26.0,82.3,0.0,166.5
2025-08-24 07:42:49.619283,Delhi,25.86,58.2,0.0,156.7
2025-08-24 10:42:49.619283,Delhi,32.81,54.5,0.0,181.1
2025-08-24 10:42:49.619283,Mumbai,30.81,85.3,0.0,168.8
2025-08-24 10:42:49.619283,London,16.44,71.5,0.0,24.5
2025-08-24 10:42:49.619283,New York,18.52,75.8,0.0,88.8
2025-08-24 13:42:49.619283,Delhi,31.83,53.4,0.0,153.3
2025-08-24 13:42:49.619283,Mumbai,30.4,67.3,0.0,85.1
2025-08-24 13:42:49.619283,London,13.62,71.0,0.0,32.3
2025-08-24 13:42:49.619283,New York,28.81,71.5,0.0,107.4
2025-08-24 16:42:49.619283,New York,25.84,87.1,0.0,60.1
2025-08-24 16:42:49.619283,Delhi,30.99,65.2,0.0,156.9
2025-08-24 16:42:49.619283,Mumbai,31.62,71.6,0.0,158.0
2025-08-24 16:42:49.619283,London,20.23,88.7,0.0,67.5
2025-08-24 19:42:49.619283,New York,20.04,56.7,0.0,77.6
2025-08-24 19:42:49.619283,London,14.25,76.9,0.0,29.5
2025-08-24 19:42:49.619283,Mumbai,31.22,68.9,0.0,171.1
2025-08-24 19:42:49.619283,Delhi,32.3,67.6,0.0,166.3
2025-08-24 22:42:49.619283,Delhi,30.12,71.4,0.0,157.4
2025-08-24 22:42:49.619283,Mumbai,31.03,63.2,0.79,69.0
2025-08-24 22:42:49.619283,London,12.06,70.4,0.0,79.9
2025-08-24 22:42:49.619283,New York,23.21,64.8,0.0,86.6
2025-08-25 01:42:49.619283,Delhi,26.66,71.5,0.0,203.3
2025-08-25 01:42:49.619283,Mumbai,27.21,81.5,0.0,164.5
2025-08-25 01:42:49.619283,London,10.34,91.3,0.0,53.3
2025-08-25 01:42:49.619283,New York,22.49,58.2,0.0,150.9
2025-08-25 04:42:49.619283,London,11.09,70.5,0.0,71.9
2025-08-25 04:42:49.619283,New York,16.4,57.0,0.0,77.5
2025-08-25 04:42:49.619283,Delhi,28.33,63.5,0.0,167.4
2025-08-25 04:42:49.619283,Mumbai,24.33,68.9,0.0,143.9
2025-08-25 07:42:49.619283,Delhi,27.92,50.0,0.24,154.8
2025-08-25 07:42:49.619283,Mumbai,25.89,63.5,1.1,114.2
2025-08-25 07:42:49.619283,London,14.76,64.0,0.68,28.1
2025-08-25 07:42:49.619283,New York,20.26,71.4,0.0,38.5
2025-08-25 10:42:49.619283,Delhi,31.82,61.5,0.0,123.8
2025-08-25 10:42:49.619283,Mumbai,25.73,62.5,0.0,121.1
2025-08-25 10:42:49.619283,London,13.07,67.2,0.0,72.0
2025-08-25 10:42:49.619283,New York,19.38,50.2,0.77,116.9
2025-08-25 13:42:49.619283,New York,23.39,59.6,0.0,102.8
2025-08-25 13:42:49.619283,Delhi,30.58,63.3,0.0,109.2
2025-08-25 13:42:49.619283,Mumbai,30.37,71.7,0.0,123.7
2025-08-25 13:42:49.619283,London,13.18,49.9,0.0,40.5
2025-08-25 16:42:49.619283,New York,26.09,62.0,0.0,89.6
2025-08-25 16:42:49.619283,London,16.34,95.7,0.0,70.4
2025-08-25 16:42:49.619283,Delhi,36.57,72.2,0.0,147.8
2025-08-25 16:42:49.619283,Mumbai,34.13,73.2,0.0,130.5
2025-08-25 19:42:49.619283,Delhi,34.11,63.5,0.0,101.6
2025-08-25 19:42:49.619283,Mumbai,27.86,83.8,0.0,127.1
2025-08-25 19:42:49.619283,London,20.07,79.3,0.0,58.4
2025-08-25 19:42:49.619283,New York,24.03,87.5,0.0,123.4
2025-08-25 22:42:49.619283,Delhi,29.52,70.6,0.0,127.4
2025-08-25 22:42:49.619283,Mumbai,27.5,66.2,0.19,112.1
2025-08-25 22:42:49.619283,London,15.16,62.0,0.0,66.4
2025-08-25 22:42:49.619283,New York,23.63,61.9,0.0,138.1
2025-08-26 01:42:49.619283,New York,21.56,92.9,0.0,128.2
2025-08-26 01:42:49.619283,Delhi,28.54,53.4,0.0,116.3
2025-08-26 01:42:49.619283,Mumbai,27.88,85.9,0.0,113.5
2025-08-26 01:42:49.619283,London,14.86,73.1,0.0,73.0
2025-08-26 04:42:49.619283,New York,23.56,73.8,0.0,103.8
2025-08-26 04:42:49.619283,London,14.62,69.9,0.0,44.3
2025-08-26 04:42:49.619283,Delhi,29.7,74.7,0.0,138.2
2025-08-26 04:42:49.619283,Mumbai,23.4,79.7,0.0,174.0
2025-08-26 07:42:49.619283,Delhi,28.76,68.8,0.31,120.0
2025-08-26 07:42:49.619283,Mumbai,30.42,76.3,0.0,75.9
2025-08-26 07:42:49.619283,London,12.18,64.3,0.0,23.5
2025-08-26 07:42:49.619283,New York,22.47,58.3,0.0,119.8
2025-08-26 10:42:49.619283,New York,24.37,63.7,0.0,97.4
2025-08-26 10:42:49.619283,Delhi,29.84,77.1,0.0,151.7
2025-08-26 10:42:49.619283,Mumbai,27.01,73.8,0.0,116.7
2025-08-26 10:42:49.619283,London,16.29,78.0,0.0,10.0
2025-08-26 13:42:49.619283,Mumbai,31.71,79.1,0.0,100.4
2025-08-26 13:42:49.619283,London,17.94,61.1,0.0,43.7
2025-08-26 13:42:49.619283,Delhi,32.59,95.2,0.0,179.6
2025-08-26 13:42:49.619283,New York,24.36,70.5,0.0,59.7
2025-08-26 16:42:49.619283,New York,30.9,70.0,0.0,47.2
2025-08-26 16:42:49.619283,London,15.11,59.6,0.0,61.4
2025-08-26 16:42:49.619283,Mumbai,32.14,66.5,0.0,97.5
2025-08-26 16:42:49.619283,Delhi,32.78,61.9,0.0,167.7
2025-08-26 19:42:49.619283,Delhi,31.14,64.3,0.0,130.1
2025-08-26 19:42:49.619283,Mumbai,30.97,78.1,0.0,134.5
2025-08-26 19:42:49.619283,London,14.14,94.8,0.0,10.0
2025-08-26 19:42:49.619283,New York,21.48,48.1,0.0,96.1
2025-08-26 22:42:49.619283,Delhi,28.76,60.6,0.0,151.2
2025-08-26 22:42:49.619283,Mumbai,30.08,100.0,0.0,90.1
2025-08-26 22:42:49.619283,London,15.3,66.1,0.0,34.2
2025-08-26 22:42:49.619283,New York,20.85,75.0,0.0,62.3
2025-08-27 01:42:49.619283,Delhi,25.18,61.2,0.0,65.2
2025-08-27 01:42:49.619283,Mumbai,26.14,73.8,0.0,116.2
2025-08-27 01:42:49.619283,London,11.6,73.6,0.0,106.3
2025-08-27 01:42:49.619283,New York,19.54,74.9,0.0,140.9
2025-08-27 04:42:49.619283,New York,20.73,60.9,0.0,71.0
2025-08-27 04:42:49.619283,London,13.04,59.6,0.0,10.0
2025-08-27 04:42:49.619283,Delhi,25.1,60.7,0.0,141.1
2025-08-27 04:42:49.619283,Mumbai,24.88,69.1,0.0,121.7
2025-08-27 07:42:49.619283,Delhi,29.49,61.8,0.0,164.4
2025-08-27 07:42:49.619283,Mumbai,26.16,79.2,0.0,153.1
2025-08-27 07:42:49.619283,London,10.49,71.4,0.0,43.5
2025-08-27 07:42:49.619283,New York,18.61,52.3,0.0,80.4
2025-08-27 10:42:49.619283,Delhi,26.33,89.1,0.0,113.5
2025-08-27 10:42:49.619283,Mumbai,25.51,89.0,0.0,146.7
2025-08-27 10:42:49.619283,London,16.13,80.8,0.0,29.9
2025-08-27 10:42:49.619283,New York,23.61,70.3,0.0,68.1
2025-08-27 13:42:49.619283,Delhi,33.21,63.7,0.0,124.3
2025-08-27 13:42:49.619283,Mumbai,29.16,69.4,0.0,156.3
2025-08-27 13:42:49.619283,London,18.54,67.7,0.0,100.5
2025-08-27 13:42:49.619283,New York,23.76,75.6,0.0,61.3
2025-08-27 16:42:49.619283,New York,29.74,62.6,0.0,52.3
2025-08-27 16:42:49.619283,London,15.17,87.8,0.0,10.0
2025-08-27 16:42:49.619283,Delhi,31.88,74.4,0.0,187.1
2025-08-27 16:42:49.619283,Mumbai,30.71,83.9,0.16,140.4
2025-08-27 19:42:49.619283,Delhi,30.6,39.1,0.35,150.9
2025-08-27 19:42:49.619283,Mumbai,32.89,82.2,0.0,97.5
2025-08-27 19:42:49.619283,London,19.31,73.8,0.0,89.4
2025-08-27 19:42:49.619283,New York,24.0,53.1,0.0,96.4
2025-08-27 22:42:49.619283,Delhi,30.34,44.7,0.0,202.1
2025-08-27 22:42:49.619283,Mumbai,27.2,72.5,0.0,158.6
2025-08-27 22:42:49.619283,London,17.56,67.2,0.56,99.6
2025-08-27 22:42:49.619283,New York,23.49,66.3,0.0,137.9
2025-08-28 01:42:49.619283,New York,17.88,59.2,0.0,10.0
2025-08-28 01:42:49.619283,Delhi,28.6,62.7,0.0,175.8
2025-08-28 01:42:49.619283,Mumbai,22.42,76.0,0.0,157.7
2025-08-28 01:42:49.619283,London,11.52,59.5,0.0,37.5
2025-08-28 04:42:49.619283,New York,19.55,62.5,0.0,94.4
2025-08-28 04:42:49.619283,London,12.41,67.9,0.0,26.5
2025-08-28 04:42:49.619283,Delhi,27.75,65.2,0.43,178.7
2025-08-28 04:42:49.619283,Mumbai,22.07,99.7,0.0,46.8
2025-08-28 07:42:49.619283,Delhi,24.59,80.7,0.0,140.7
2025-08-28 07:42:49.619283,Mumbai,27.1,97.1,0.0,124.0
2025-08-28 07:42:49.619283,London,11.16,80.4,0.0,43.5
2025-08-28 07:42:49.619283,New York,19.86,73.9,0.0,35.0
2025-08-28 10:42:49.619283,London,12.33,79.4,0.0,52.4
2025-08-28 10:42:49.619283,Delhi,28.89,56.8,0.0,145.3
2025-08-28 10:42:49.619283,Mumbai,24.99,70.8,0.0,122.6
2025-08-28 10:42:49.619283,New York,19.72,77.8,0.0,63.5
2025-08-28 13:42:49.619283,New York,24.82,77.2,0.0,75.7
2025-08-28 13:42:49.619283,London,18.26,68.8,0.0,18.0
2025-08-28 13:42:49.619283,Mumbai,30.31,76.0,0.0,126.2
2025-08-28 13:42:49.619283,Delhi,34.33,60.7,0.0,192.1
2025-08-28 16:42:49.619283,Delhi,35.4,66.0,0.0,91.7
2025-08-28 16:42:49.619283,Mumbai,29.82,97.1,0.0,107.3
2025-08-28 16:42:49.619283,London,17.84,85.5,0.0,10.0
2025-08-28 16:42:49.619283,New York,26.24,75.2,0.0,51.3
2025-08-28 19:42:49.619283,Delhi,36.33,60.7,0.0,153.4
2025-08-28 19:42:49.619283,Mumbai,30.22,80.8,0.0,59.9
2025-08-28 19:42:49.619283,London,17.94,60.7,0.0,11.3
2025-08-28 19:42:49.619283,New York,23.31,64.8,0.0,76.3
2025-08-28 22:42:49.619283,London,15.88,60.3,0.0,69.0
2025-08-28 22:42:49.619283,New York,20.0,66.2,0.0,59.5
2025-08-28 22:42:49.619283,Delhi,31.72,63.6,0.0,177.2
2025-08-28 22:42:49.619283,Mumbai,29.48,82.7,0.0,138.0
2025-08-29 01:42:49.619283,Delhi,29.92,76.4,0.0,183.2
2025-08-29 01:42:49.619283,Mumbai,22.79,89.4,0.0,99.9
2025-08-29 01:42:49.619283,London,10.62,79.7,0.0,69.2
2025-08-29 01:42:49.619283,New York,17.81,71.6,0.0,53.0
2025-08-29 04:42:49.619283,Delhi,28.58,70.9,0.0,166.1
2025-08-29 04:42:49.619283,Mumbai,28.09,84.0,0.0,86.2
2025-08-29 04:42:49.619283,London,12.55,54.9,0.0,71.5
2025-08-29 04:42:49.619283,New York,18.41,61.2,0.0,103.6
2025-08-29 07:42:49.619283,New York,19.35,64.8,0.0,85.7
2025-08-29 07:42:49.619283,Delhi,30.14,67.1,0.0,175.6
2025-08-29 07:42:49.619283,Mumbai,27.52,85.6,0.0,75.4
2025-08-29 07:42:49.619283,London,10.71,63.1,0.0,10.0
2025-08-29 10:42:49.619283,London,18.07,62.8,0.05,44.0
2025-08-29 10:42:49.619283,New York,17.94,78.0,0.0,61.0
2025-08-29 10:42:49.619283,Delhi,29.67,68.2,0.0,148.7
2025-08-29 10:42:49.619283,Mumbai,28.19,66.0,0.0,144.1
2025-08-29 13:42:49.619283,Delhi,32.92,76.6,0.98,61.2
2025-08-29 13:42:49.619283,Mumbai,25.35,85.4,0.0,123.4
2025-08-29 13:42:49.619283,London,15.68,53.3,0.0,102.5
2025-08-29 13:42:49.619283,New York,22.23,46.9,0.0,95.7
2025-08-29 16:42:49.619283,Delhi,32.68,59.0,0.0,128.6
2025-08-29 16:42:49.619283,Mumbai,29.4,76.5,0.0,163.3
2025-08-29 16:42:49.619283,London,16.3,82.8,0.29,48.6
2025-08-29 16:42:49.619283,New York,28.04,54.0,0.0,78.8
2025-08-29 19:42:49.619283,Delhi,30.98,55.5,0.0,163.8
2025-08-29 19:42:49.619283,Mumbai,32.07,59.3,0.0,118.6
2025-08-29 19:42:49.619283,London,21.66,77.4,0.68,30.6
2025-08-29 19:42:49.619283,New York,29.18,63.1,0.0,67.6
2025-08-29 22:42:49.619283,New York,21.27,70.1,0.0,65.4
2025-08-29 22:42:49.619283,London,16.04,81.6,0.0,59.3
2025-08-29 22:42:49.619283,Delhi,31.73,94.9,0.0,122.5
2025-08-29 22:42:49.619283,Mumbai,25.15,92.9,0.13,111.8
2025-08-30 01:42:49.619283,Delhi,27.22,35.2,0.0,116.9
2025-08-30 01:42:49.619283,Mumbai,26.13,78.4,0.0,168.6
2025-08-30 01:42:49.619283,London,16.17,56.0,0.0,17.6
2025-08-30 01:42:49.619283,New York,20.16,73.2,0.0,95.3
2025-08-30 04:42:49.619283,Delhi,27.07,75.8,0.0,159.3
2025-08-30 04:42:49.619283,Mumbai,24.83,75.5,0.0,140.6
2025-08-30 04:42:49.619283,London,15.22,88.8,0.0,63.5
2025-08-30 04:42:49.619283,New York,19.78,80.1,0.0,10.1
2025-08-30 07:42:49.619283,London,14.19,73.7,0.0,39.7
2025-08-30 07:42:49.619283,Delhi,27.5,71.1,0.0,135.7
2025-08-30 07:42:49.619283,Mumbai,28.04,79.0,0.0,90.8
2025-08-30 07:42:49.619283,New York,22.13,67.4,0.0,51.2
2025-08-30 10:42:49.619283,New York,24.33,60.5,0.0,93.7
2025-08-30 10:42:49.619283,London,17.26,66.6,0.0,13.3
2025-08-30 10:42:49.619283,Mumbai,27.37,78.1,0.0,106.9
2025-08-30 10:42:49.619283,Delhi,30.35,69.8,0.0,135.4
2025-08-30 13:42:49.619283,Delhi,33.4,67.2,0.21,175.2
2025-08-30 13:42:49.619283,Mumbai,30.11,85.7,0.0,89.5
2025-08-30 13:42:49.619283,London,15.9,69.8,0.0,61.3
2025-08-30 13:42:49.619283,New York,25.48,56.6,0.0,33.6
2025-08-30 16:42:49.619283,Delhi,33.9,78.3,0.0,129.5
2025-08-30 16:42:49.619283,Mumbai,28.2,90.5,0.0,150.7
2025-08-30 16:42:49.619283,London,19.13,74.2,0.0,89.1
2025-08-30 16:42:49.619283,New York,24.62,70.6,0.0,100.8
2025-08-30 19:42:49.619283,London,24.66,73.4,0.0,51.0
2025-08-30 19:42:49.619283,New York,27.72,79.8,0.0,37.7
2025-08-30 19:42:49.619283,Delhi,32.42,75.8,0.0,146.8
2025-08-30 19:42:49.619283,Mumbai,31.15,80.8,0.0,162.0
2025-08-30 22:42:49.619283,Delhi,32.12,71.4,0.0,153.6
2025-08-30 22:42:49.619283,Mumbai,28.98,77.1,0.67,84.9
2025-08-30 22:42:49.619283,London,14.61,74.8,0.0,59.6
2025-08-30 22:42:49.619283,New York,19.16,63.1,0.0,94.1
2025-08-31 01:42:49.619283,Delhi,28.04,62.0,0.0,104.3
2025-08-31 01:42:49.619283,Mumbai,23.35,78.6,1.51,104.4
2025-08-31 01:42:49.619283,London,11.77,57.4,0.0,34.8
2025-08-31 01:42:49.619283,New York,21.74,54.2,0.0,80.1
2025-08-31 04:42:49.619283,New York,16.27,62.4,0.0,147.3
2025-08-31 04:42:49.619283,Delhi,31.7,66.0,0.0,152.6
2025-08-31 04:42:49.619283,Mumbai,21.18,80.4,0.32,101.0
2025-08-31 04:42:49.619283,London,5.58,84.3,0.0,16.4
2025-08-31 07:42:49.619283,London,10.88,75.4,0.0,30.2
2025-08-31 07:42:49.619283,New York,22.72,68.0,0.0,86.8
2025-08-31 07:42:49.619283,Delhi,28.45,64.2,0.0,87.5
2025-08-31 07:42:49.619283,Mumbai,27.96,86.9,0.0,157.1
2025-08-31 10:42:49.619283,Delhi,28.55,60.9,0.0,126.5
2025-08-31 10:42:49.619283,Mumbai,25.49,77.4,0.0,117.6
2025-08-31 10:42:49.619283,London,12.93,82.1,0.0,19.6
2025-08-31 10:42:49.619283,New York,20.88,40.7,0.0,134.4
2025-08-31 13:42:49.619283,Delhi,31.97,67.2,0.0,149.7
2025-08-31 13:42:49.619283,Mumbai,31.16,66.8,0.0,147.3
2025-08-31 13:42:49.619283,London,19.08,69.4,0.0,39.4
2025-08-31 13:42:49.619283,New York,25.55,54.5,0.0,41.9
2025-08-31 16:42:49.619283,Delhi,36.07,77.2,0.0,106.3
2025-08-31 16:42:49.619283,Mumbai,31.09,96.1,0.0,76.7
2025-08-31 16:42:49.619283,London,15.66,57.4,0.0,85.0
2025-08-31 16:42:49.619283,New York,23.74,58.2,0.0,92.6
2025-08-31 19:42:49.619283,New York,23.86,71.5,0.0,60.4
2025-08-31 19:42:49.619283,London,18.88,70.9,0.0,23.3
2025-08-31 19:42:49.619283,Mumbai,31.86,75.4,0.0,144.8
2025-08-31 19:42:49.619283,Delhi,30.9,64.5,0.0,149.5
2025-08-31 22:42:49.619283,Delhi,28.86,59.0,0.0,194.9
2025-08-31 22:42:49.619283,Mumbai,28.18,69.0,0.0,150.0
2025-08-31 22:42:49.619283,London,15.41,48.5,0.0,12.8
2025-08-31 22:42:49.619283,New York,24.97,74.2,0.0,75.6
2025-09-01 01:42:49.619283,Delhi,30.01,74.7,0.0,190.9
2025-09-01 01:42:49.619283,Mumbai,27.54,81.4,0.0,130.1
2025-09-01 01:42:49.619283,London,14.21,73.2,0.0,10.0
2025-09-01 01:42:49.619283,New York,20.65,45.8,0.0,82.6
2025-09-01 04:42:49.619283,New York,19.52,61.4,0.0,57.8
2025-09-01 04:42:49.619283,Delhi,23.86,49.8,0.38,169.9
2025-09-01 04:42:49.619283,Mumbai,24.61,97.4,0.0,104.0
2025-09-01 04:42:49.619283,London,12.57,66.9,0.0,71.8
2025-09-01 07:42:49.619283,New York,18.64,77.2,0.0,121.5
2025-09-01 07:42:49.619283,London,13.75,61.1,0.0,70.0
2025-09-01 07:42:49.619283,Mumbai,26.54,69.0,0.0,141.7
2025-09-01 07:42:49.619283,Delhi,31.34,66.9,0.0,96.6
2025-09-01 10:42:49.619283,Delhi,31.65,79.6,0.0,124.4
2025-09-01 10:42:49.619283,Mumbai,26.54,68.0,0.0,105.6
2025-09-01 10:42:49.619283,London,15.38,75.8,0.0,10.0
2025-09-01 10:42:49.619283,New York,22.43,68.5,0.0,82.7
2025-09-01 13:42:49.619283,Delhi,35.81,66.7,0.0,151.4
2025-09-01 13:42:49.619283,Mumbai,31.67,97.8,0.0,97.3
2025-09-01 13:42:49.619283,London,17.62,67.9,0.0,54.5
2025-09-01 13:42:49.619283,New York,23.97,47.4,0.0,68.5
2025-09-01 16:42:49.619283,London,14.2,83.8,0.0,29.3
2025-09-01 16:42:49.619283,New York,23.04,77.7,0.0,129.2
2025-09-01 16:42:49.619283,Delhi,32.91,75.1,0.0,139.5
2025-09-01 16:42:49.619283,Mumbai,31.57,77.2,0.0,96.5
2025-09-01 19:42:49.619283,Delhi,32.71,74.2,0.0,140.9
2025-09-01 19:42:49.619283,Mumbai,27.0,78.4,0.0,149.1
2025-09-01 19:42:49.619283,London,17.1,70.0,0.0,66.6
2025-09-01 19:42:49.619283,New York,26.48,60.0,0.0,70.8
2025-09-01 22:42:49.619283,Delhi,29.07,51.7,0.0,142.7
2025-09-01 22:42:49.619283,Mumbai,34.06,80.0,0.0,138.9
2025-09-01 22:42:49.619283,London,13.92,89.3,0.0,82.3
2025-09-01 22:42:49.619283,New York,24.81,78.3,0.0,81.4
2025-09-02 01:42:49.619283,New York,20.33,91.0,0.0,112.1
2025-09-02 01:42:49.619283,Delhi,29.5,73.5,0.0,166.4
2025-09-02 01:42:49.619283,Mumbai,23.5,89.8,0.0,52.6
2025-09-02 01:42:49.619283,London,16.77,73.5,0.0,49.1
2025-09-02 04:42:49.619283,New York,16.99,68.4,0.0,97.1
2025-09-02 04:42:49.619283,London,11.96,45.1,0.0,26.7
2025-09-02 04:42:49.619283,Delhi,28.23,79.7,0.0,165.2
2025-09-02 04:42:49.619283,Mumbai,23.26,64.5,0.07,69.4
2025-09-02 07:42:49.619283,Delhi,30.97,57.9,0.0,142.0
2025-09-02 07:42:49.619283,Mumbai,25.78,84.4,0.0,127.7
2025-09-02 07:42:49.619283,London,16.26,80.1,0.0,49.2
2025-09-02 07:42:49.619283,New York,18.62,59.9,0.0,59.2
2025-09-02 10:42:49.619283,Delhi,26.66,40.3,0.0,116.2
2025-09-02 10:42:49.619283,Mumbai,29.56,84.6,0.0,104.3
2025-09-02 10:42:49.619283,London,12.93,63.8,0.0,17.8
2025-09-02 10:42:49.619283,New York,24.21,55.8,0.0,48.4
2025-09-02 13:42:49.619283,New York,24.2,69.0,0.03,37.8
2025-09-02 13:42:49.619283,Delhi,31.62,84.5,0.0,177.6
2025-09-02 13:42:49.619283,Mumbai,31.02,77.8,0.14,100.0
2025-09-02 13:42:49.619283,London,19.11,68.0,0.0,95.0
2025-09-02 16:42:49.619283,New York,25.35,57.8,0.0,133.4
2025-09-02 16:42:49.619283,London,18.21,75.3,0.0,51.7
2025-09-02 16:42:49.619283,Delhi,36.28,71.5,0.0,157.7
2025-09-02 16:42:49.619283,Mumbai,30.81,83.3,0.0,106.3
2025-09-02 19:42:49.619283,Delhi,32.09,61.6,0.0,173.7
2025-09-02 19:42:49.619283,Mumbai,30.9,86.1,0.0,139.9
2025-09-02 19:42:49.619283,London,16.84,71.1,0.44,26.8
2025-09-02 19:42:49.619283,New York,21.18,54.2,0.0,50.7
2025-09-02 22:42:49.619283,New York,19.94,67.6,0.0,44.8
2025-09-02 22:42:49.619283,Delhi,27.45,58.5,0.0,198.8
2025-09-02 22:42:49.619283,Mumbai,29.37,84.1,0.41,138.0
2025-09-02 22:42:49.619283,London,12.55,87.3,0.0,10.0
2025-09-03 01:42:49.619283,Mumbai,26.18,65.5,0.0,112.0
2025-09-03 01:42:49.619283,London,13.45,86.8,0.0,10.0
2025-09-03 01:42:49.619283,Delhi,27.01,76.6,0.0,147.3
2025-09-03 01:42:49.619283,New York,23.73,71.0,0.0,60.8
2025-09-03 04:42:49.619283,New York,18.12,69.8,0.0,66.9
2025-09-03 04:42:49.619283,London,12.77,72.4,0.0,126.5
2025-09-03 04:42:49.619283,Mumbai,27.81,79.0,0.0,121.7
2025-09-03 04:42:49.619283,Delhi,27.46,68.3,0.0,172.3
2025-09-03 07:42:49.619283,Delhi,30.13,36.1,0.0,164.6
2025-09-03 07:42:49.619283,Mumbai,25.0,70.6,0.0,135.9
2025-09-03 07:42:49.619283,London,14.8,92.8,0.0,20.3
2025-09-03 07:42:49.619283,New York,15.29,65.7,0.0,152.9
2025-09-03 10:42:49.619283,Delhi,28.61,57.8,0.0,142.7
2025-09-03 10:42:49.619283,Mumbai,29.93,91.6,0.0,62.4
2025-09-03 10:42:49.619283,London,14.76,56.6,0.93,41.0
2025-09-03 10:42:49.619283,New York,24.27,54.6,0.0,43.9
2025-09-03 13:42:49.619283,Delhi,34.45,54.6,0.0,213.3
2025-09-03 13:42:49.619283,Mumbai,28.72,96.7,0.0,80.8
2025-09-03 13:42:49.619283,London,15.31,90.4,0.0,36.0
2025-09-03 13:42:49.619283,New York,26.39,68.1,0.0,54.3
2025-09-03 16:42:49.619283,New York,24.46,63.9,0.0,73.3
2025-09-03 16:42:49.619283,London,18.82,74.8,0.0,27.0
2025-09-03 16:42:49.619283,Delhi,36.33,76.6,0.0,130.8
2025-09-03 16:42:49.619283,Mumbai,32.5,81.2,0.0,130.4
2025-09-03 19:42:49.619283,Delhi,33.12,53.1,0.0,102.6
2025-09-03 19:42:49.619283,Mumbai,28.86,90.8,0.0,177.8
2025-09-03 19:42:49.619283,London,16.95,86.8,0.0,76.8
2025-09-03 19:42:49.619283,New York,23.55,63.8,0.0,69.8
2025-09-03 22:42:49.619283,Delhi,29.68,57.5,0.0,132.3
2025-09-03 22:42:49.619283,Mumbai,28.35,64.2,0.0,102.2
2025-09-03 22:42:49.619283,London,15.7,69.8,0.8,37.3
2025-09-03 22:42:49.619283,New York,20.51,69.9,0.0,84.7
2025-09-04 01:42:49.619283,Delhi,27.15,77.2,0.0,133.3
2025-09-04 01:42:49.619283,Mumbai,28.12,82.7,0.29,152.6
2025-09-04 01:42:49.619283,London,16.27,61.3,0.0,42.3
2025-09-04 01:42:49.619283,New York,18.77,68.8,0.0,55.3
2025-09-04 04:42:49.619283,New York,16.36,64.9,0.0,130.0
2025-09-04 04:42:49.619283,London,15.48,72.6,0.0,45.1
2025-09-04 04:42:49.619283,Delhi,27.53,58.2,0.0,175.3
2025-09-04 04:42:49.619283,Mumbai,24.69,74.7,0.0,69.1
2025-09-04 07:42:49.619283,Delhi,29.69,63.6,0.0,106.8
2025-09-04 07:42:49.619283,Mumbai,25.93,82.8,0.0,159.8
2025-09-04 07:42:49.619283,London,13.36,80.5,0.0,38.8
2025-09-04 07:42:49.619283,New York,23.9,73.7,0.0,73.8
2025-09-04 10:42:49.619283,Delhi,28.76,56.0,0.0,204.1
2025-09-04 10:42:49.619283,Mumbai,30.17,70.7,0.0,123.5
2025-09-04 10:42:49.619283,London,18.07,68.2,0.84,40.2
2025-09-04 10:42:49.619283,New York,26.55,64.7,0.03,97.2
2025-09-04 13:42:49.619283,New York,28.15,65.7,0.49,100.7
2025-09-04 13:42:49.619283,Delhi,33.48,66.9,0.0,188.7
2025-09-04 13:42:49.619283,Mumbai,31.97,60.8,0.0,82.5
2025-09-04 13:42:49.619283,London,14.89,71.0,0.0,79.5
2025-09-04 16:42:49.619283,New York,25.35,71.5,0.0,59.4
2025-09-04 16:42:49.619283,London,20.53,83.4,0.0,65.7
2025-09-04 16:42:49.619283,Delhi,33.04,56.9,0.0,116.9
2025-09-04 16:42:49.619283,Mumbai,29.14,67.3,1.38,124.7
2025-09-04 19:42:49.619283,Delhi,32.8,61.1,0.0,206.1
2025-09-04 19:42:49.619283,Mumbai,31.91,92.5,0.0,140.5
2025-09-04 19:42:49.619283,London,19.38,72.6,0.25,37.0
2025-09-04 19:42:49.619283,New York,24.68,81.6,0.0,58.1
2025-09-04 22:42:49.619283,London,15.97,63.0,0.17,39.1
2025-09-04 22:42:49.619283,Delhi,29.66,84.6,0.0,161.9
2025-09-04 22:42:49.619283,Mumbai,27.03,74.9,0.66,204.1
2025-09-04 22:42:49.619283,New York,24.35,62.5,0.0,78.2
2025-09-05 01:42:49.619283,New York,19.45,75.6,0.0,72.7
2025-09-05 01:42:49.619283,London,12.1,84.7,0.86,78.9
2025-09-05 01:42:49.619283,Mumbai,22.37,78.1,0.0,142.9
2025-09-05 01:42:49.619283,Delhi,26.05,68.7,0.0,169.6
2025-09-05 04:42:49.619283,Delhi,26.91,51.5,0.0,194.0
2025-09-05 04:42:49.619283,Mumbai,24.15,67.1,0.0,106.3
2025-09-05 04:42:49.619283,London,14.71,76.8,0.0,10.0
2025-09-05 04:42:49.619283,New York,20.42,79.7,0.0,51.1
2025-09-05 07:42:49.619283,Delhi,26.73,72.1,0.0,168.0
2025-09-05 07:42:49.619283,Mumbai,29.75,93.8,0.0,147.1
2025-09-05 07:42:49.619283,London,15.68,70.5,0.0,26.8
2025-09-05 07:42:49.619283,New York,22.81,72.5,0.0,94.0
2025-09-05 10:42:49.619283,London,15.07,73.8,0.0,41.8
2025-09-05 10:42:49.619283,New York,22.94,52.4,0.0,76.4
2025-09-05 10:42:49.619283,Delhi,29.88,71.9,0.0,174.0
2025-09-05 10:42:49.619283,Mumbai,26.21,95.5,0.0,179.2
2025-09-05 13:42:49.619283,Delhi,35.33,65.2,0.0,162.4
2025-09-05 13:42:49.619283,Mumbai,32.25,89.9,0.0,136.6
2025-09-05 13:42:49.619283,London,14.96,72.6,0.0,25.5
2025-09-05 13:42:49.619283,New York,25.13,65.9,0.0,64.8
2025-09-05 16:42:49.619283,Delhi,34.34,60.4,0.0,173.1
2025-09-05 16:42:49.619283,Mumbai,31.65,68.1,0.0,113.7
2025-09-05 16:42:49.619283,London,21.38,66.3,0.0,10.0
2025-09-05 16:42:49.619283,New York,25.63,75.2,0.0,101.5
2025-09-05 19:42:49.619283,New York,23.25,44.7,0.0,72.2
2025-09-05 19:42:49.619283,Delhi,33.31,76.5,0.0,152.3
2025-09-05 19:42:49.619283,Mumbai,29.43,79.2,0.0,52.8
2025-09-05 19:42:49.619283,London,17.1,71.5,0.0,55.6
2025-09-05 22:42:49.619283,London,13.71,59.7,0.0,52.5
2025-09-05 22:42:49.619283,New York,24.51,76.2,0.0,52.1
2025-09-05 22:42:49.619283,Delhi,30.1,70.9,0.0,103.7
2025-09-05 22:42:49.619283,Mumbai,32.03,100.0,0.0,134.8
2025-09-06 01:42:49.619283,Delhi,24.03,75.2,0.0,157.5
2025-09-06 01:42:49.619283,Mumbai,23.86,71.2,0.0,82.1
2025-09-06 01:42:49.619283,London,19.41,75.5,0.0,73.1
2025-09-06 01:42:49.619283,New York,17.49,69.6,0.0,61.4
2025-09-06 04:42:49.619283,Delhi,25.91,55.3,0.0,212.6
2025-09-06 04:42:49.619283,Mumbai,24.13,71.4,0.0,65.1
2025-09-06 04:42:49.619283,London,10.39,75.1,0.0,106.4
2025-09-06 04:42:49.619283,New York,20.54,63.6,0.0,38.6
2025-09-06 07:42:49.619283,Delhi,29.95,66.0,0.0,130.9
2025-09-06 07:42:49.619283,Mumbai,30.03,80.4,0.0,120.8
2025-09-06 07:42:49.619283,London,11.92,70.5,0.74,58.8
2025-09-06 07:42:49.619283,New York,19.04,51.1,0.0,54.0
2025-09-06 10:42:49.619283,New York,22.8,64.0,0.0,126.4
2025-09-06 10:42:49.619283,London,17.9,64.9,1.41,35.8
2025-09-06 10:42:49.619283,Mumbai,29.72,74.1,0.0,120.4
2025-09-06 10:42:49.619283,Delhi,31.38,67.5,0.0,168.5
2025-09-06 13:42:49.619283,Delhi,31.35,78.2,0.0,135.9
2025-09-06 13:42:49.619283,Mumbai,31.35,94.7,0.0,115.6
2025-09-06 13:42:49.619283,London,18.19,66.6,0.0,75.9
2025-09-06 13:42:49.619283,New York,25.04,50.7,0.0,136.5
2025-09-06 16:42:49.619283,Delhi,34.5,62.8,0.0,152.3
2025-09-06 16:42:49.619283,Mumbai,31.93,78.5,0.0,148.0
2025-09-06 16:42:49.619283,London,19.11,71.6,0.0,42.4
2025-09-06 16:42:49.619283,New York,27.45,59.8,0.0,73.9
2025-09-06 19:42:49.619283,New York,28.97,56.9,0.0,50.4
2025-09-06 19:42:49.619283,Delhi,33.71,67.4,0.94,122.8
2025-09-06 19:42:49.619283,Mumbai,30.26,94.8,0.0,122.2
2025-09-06 19:42:49.619283,London,16.78,70.3,0.0,62.1
2025-09-06 22:42:49.619283,London,15.87,74.8,0.0,26.9
2025-09-06 22:42:49.619283,New York,23.81,74.1,0.0,30.2
2025-09-06 22:42:49.619283,Delhi,30.83,69.4,0.0,149.5
2025-09-06 22:42:49.619283,Mumbai,30.34,87.9,0.11,123.5
2025-09-07 01:42:49.619283,Delhi,27.13,72.1,0.0,88.5
2025-09-07 01:42:49.619283,Mumbai,22.99,71.4,0.0,55.0
2025-09-07 01:42:49.619283,London,12.13,80.2,0.0,47.1
2025-09-07 01:42:49.619283,New York,21.37,64.8,0.0,80.0
2025-09-07 04:42:49.619283,Delhi,29.48,63.9,0.0,144.3
2025-09-07 04:42:49.619283,Mumbai,25.7,77.9,0.0,106.4
2025-09-07 04:42:49.619283,London,14.76,85.6,0.0,10.0
2025-09-07 04:42:49.619283,New York,18.01,55.9,0.0,69.2
2025-09-07 07:42:49.619283,Delhi,28.19,59.2,0.0,155.0
2025-09-07 07:42:49.619283,Mumbai,26.44,99.1,0.0,124.5
2025-09-07 07:42:49.619283,London,11.51,72.9,0.0,48.7
2025-09-07 07:42:49.619283,New York,18.14,49.4,0.0,120.2
2025-09-07 10:42:49.619283,New York,22.54,65.0,0.0,73.1
2025-09-07 10:42:49.619283,London,17.17,57.5,0.0,29.0
2025-09-07 10:42:49.619283,Delhi,31.58,63.7,0.0,166.3
2025-09-07 10:42:49.619283,Mumbai,26.71,53.9,0.0,149.9
2025-09-07 13:42:49.619283,Delhi,36.15,74.1,0.0,107.5
2025-09-07 13:42:49.619283,Mumbai,30.98,94.6,0.0,106.2
2025-09-07 13:42:49.619283,London,20.68,78.0,0.0,64.7
2025-09-07 13:42:49.619283,New York,27.55,69.1,0.0,103.1
2025-09-07 16:42:49.619283,Delhi,33.36,73.9,0.51,133.0
2025-09-07 16:42:49.619283,Mumbai,31.38,77.9,0.0,102.7
2025-09-07 16:42:49.619283,London,15.75,83.4,0.68,67.5
2025-09-07 16:42:49.619283,New York,24.18,51.7,0.0,93.4
2025-09-07 19:42:49.619283,Delhi,34.89,77.5,0.0,118.0
2025-09-07 19:42:49.619283,Mumbai,31.93,86.2,0.0,113.3
2025-09-07 19:42:49.619283,London,14.62,84.3,0.0,83.0
2025-09-07 19:42:49.619283,New York,26.45,62.6,0.0,87.7
2025-09-07 22:42:49.619283,New York,24.31,66.0,0.0,54.0
2025-09-07 22:42:49.619283,London,17.43,75.5,0.0,55.9
2025-09-07 22:42:49.619283,Delhi,30.62,68.6,0.0,159.1
2025-09-07 22:42:49.619283,Mumbai,29.81,75.2,0.0,73.2
2025-09-08 01:42:49.619283,Delhi,25.14,54.5,0.0,185.8
2025-09-08 01:42:49.619283,Mumbai,28.19,77.3,0.0,67.8
2025-09-08 01:42:49.619283,London,11.4,84.7,0.0,48.4
2025-09-08 01:42:49.619283,New York,23.33,58.7,0.0,85.4
2025-09-08 04:42:49.619283,Delhi,30.48,68.2,0.0,196.7
2025-09-08 04:42:49.619283,Mumbai,21.66,100.0,0.0,120.2
2025-09-08 04:42:49.619283,London,11.43,67.6,0.0,10.0
2025-09-08 04:42:49.619283,New York,19.12,58.3,0.0,80.4
2025-09-08 07:42:49.619283,New York,22.71,65.8,0.0,10.0
2025-09-08 07:42:49.619283,London,16.79,90.0,0.0,45.0
2025-09-08 07:42:49.619283,Mumbai,25.67,100.0,0.0,162.8
2025-09-08 07:42:49.619283,Delhi,31.06,58.0,0.0,104.4
2025-09-08 10:42:49.619283,Delhi,30.33,57.6,0.09,165.4
2025-09-08 10:42:49.619283,Mumbai,26.38,70.0,0.0,127.6
2025-09-08 10:42:49.619283,London,13.99,78.4,0.0,10.0
2025-09-08 10:42:49.619283,New York,25.11,71.3,0.0,109.8
2025-09-08 13:42:49.619283,Delhi,31.64,76.5,0.0,164.0
2025-09-08 13:42:49.619283,Mumbai,30.15,89.0,0.0,103.7
2025-09-08 13:42:49.619283,London,20.21,73.9,0.0,25.3
2025-09-08 13:42:49.619283,New York,21.84,67.1,0.0,83.3
2025-09-08 16:42:49.619283,London,17.42,79.9,0.0,10.0
2025-09-08 16:42:49.619283,New York,26.67,54.7,0.0,72.3
2025-09-08 16:42:49.619283,Delhi,32.53,60.7,0.0,181.8
2025-09-08 16:42:49.619283,Mumbai,33.42,86.3,0.0,131.7
2025-09-08 19:42:49.619283,New York,25.55,77.7,0.0,102.7
2025-09-08 19:42:49.619283,London,18.6,66.6,0.0,10.0
2025-09-08 19:42:49.619283,Mumbai,31.06,75.5,0.0,116.9
2025-09-08 19:42:49.619283,Delhi,30.9,73.2,0.0,103.4
2025-09-08 22:42:49.619283,Delhi,32.49,64.8,0.0,182.1
2025-09-08 22:42:49.619283,Mumbai,31.95,65.0,0.0,93.4
2025-09-08 22:42:49.619283,London,10.58,64.8,0.0,42.9
2025-09-08 22:42:49.619283,New York,22.13,60.1,0.17,69.6
2025-09-09 01:42:49.619283,Delhi,30.39,63.1,0.0,157.3
2025-09-09 01:42:49.619283,Mumbai,25.82,67.6,0.0,72.3
2025-09-09 01:42:49.619283,London,10.16,65.1,0.1,51.7
2025-09-09 01:42:49.619283,New York,22.65,70.0,0.0,87.3
2025-09-09 04:42:49.619283,London,13.19,84.2,0.0,43.2
2025-09-09 04:42:49.619283,New York,22.55,59.8,0.0,86.4
2025-09-09 04:42:49.619283,Delhi,28.34,47.1,0.0,154.4
2025-09-09 04:42:49.619283,Mumbai,28.79,88.7,0.0,111.5
2025-09-09 07:42:49.619283,Delhi,28.22,62.5,0.0,201.3
2025-09-09 07:42:49.619283,Mumbai,26.41,83.1,0.0,152.7
2025-09-09 07:42:49.619283,London,16.05,72.3,0.0,10.0
2025-09-09 07:42:49.619283,New York,24.57,45.9,0.0,81.9
2025-09-09 10:42:49.619283,Delhi,29.15,57.0,0.0,104.7
2025-09-09 10:42:49.619283,Mumbai,31.44,70.2,0.0,130.1
2025-09-09 10:42:49.619283,London,15.76,78.4,0.0,59.7
2025-09-09 10:42:49.619283,New York,24.16,52.9,0.0,112.3
2025-09-09 13:42:49.619283,New York,26.91,55.8,0.0,59.1
2025-09-09 13:42:49.619283,Delhi,35.06,62.0,0.0,120.9
2025-09-09 13:42:49.619283,Mumbai,32.47,90.7,0.0,163.5
2025-09-09 13:42:49.619283,London,17.21,71.3,0.0,56.3
2025-09-09 16:42:49.619283,London,20.91,55.0,0.0,89.2
2025-09-09 16:42:49.619283,New York,27.68,57.0,0.0,36.2
2025-09-09 16:42:49.619283,Delhi,36.96,61.9,0.0,136.5
2025-09-09 16:42:49.619283,Mumbai,30.73,90.9,0.0,161.1
2025-09-09 19:42:49.619283,Delhi,32.44,73.4,0.0,129.2
2025-09-09 19:42:49.619283,Mumbai,31.39,69.9,0.0,120.8
2025-09-09 19:42:49.619283,London,15.65,70.4,0.0,28.0
2025-09-09 19:42:49.619283,New York,23.81,75.3,0.51,82.7
2025-09-09 22:42:49.619283,Delhi,31.32,70.7,0.0,151.6
2025-09-09 22:42:49.619283,Mumbai,28.88,85.7,0.0,92.6
2025-09-09 22:42:49.619283,London,16.26,71.5,0.0,37.9
2025-09-09 22:42:49.619283,New York,27.56,71.5,0.0,36.0
2025-09-10 01:42:49.619283,Delhi,24.5,63.8,0.0,147.6
2025-09-10 01:42:49.619283,Mumbai,24.94,85.8,0.0,99.0
2025-09-10 01:42:49.619283,London,13.37,79.0,0.0,12.5
2025-09-10 01:42:49.619283,New York,23.92,69.4,0.04,56.7
2025-09-10 04:42:49.619283,New York,17.8,76.4,0.07,75.7
2025-09-10 04:42:49.619283,London,16.26,69.1,0.0,69.6
2025-09-10 04:42:49.619283,Mumbai,22.26,90.2,0.0,101.4
2025-09-10 04:42:49.619283,Delhi,27.51,63.9,0.0,116.2
2025-09-10 07:42:49.619283,Delhi,29.39,68.7,0.0,70.5
2025-09-10 07:42:49.619283,Mumbai,23.69,84.1,0.0,108.6
2025-09-10 07:42:49.619283,London,10.6,76.8,0.0,62.6
2025-09-10 07:42:49.619283,New York,25.75,71.0,0.0,89.8
2025-09-10 10:42:49.619283,Delhi,34.6,71.5,0.0,101.0
2025-09-10 10:42:49.619283,Mumbai,27.11,72.8,0.0,136.3
2025-09-10 10:42:49.619283,London,15.82,85.9,0.0,25.0
2025-09-10 10:42:49.619283,New York,22.94,65.0,0.0,79.0
2025-09-10 13:42:49.619283,New York,21.93,80.3,0.0,70.0
2025-09-10 13:42:49.619283,Delhi,33.04,66.8,0.0,148.9
2025-09-10 13:42:49.619283,Mumbai,31.83,83.3,0.0,104.2
2025-09-10 13:42:49.619283,London,16.82,75.4,0.0,96.7
2025-09-10 16:42:49.619283,New York,22.93,64.4,0.0,94.6
2025-09-10 16:42:49.619283,London,19.17,67.2,0.0,10.0
2025-09-10 16:42:49.619283,Delhi,32.99,44.8,0.0,182.4
2025-09-10 16:42:49.619283,Mumbai,28.32,87.4,0.0,131.3
2025-09-10 19:42:49.619283,Delhi,30.99,64.9,0.0,132.0
2025-09-10 19:42:49.619283,Mumbai,30.89,74.5,0.23,145.7
2025-09-10 19:42:49.619283,London,18.67,59.7,0.0,22.0
2025-09-10 19:42:49.619283,New York,26.86,49.4,0.0,68.8
2025-09-10 22:42:49.619283,Delhi,31.83,60.4,0.0,151.1
2025-09-10 22:42:49.619283,Mumbai,30.65,91.5,0.0,101.6
2025-09-10 22:42:49.619283,London,16.91,77.0,0.0,57.0
2025-09-10 22:42:49.619283,New York,22.01,54.0,0.0,57.1
2025-09-11 01:42:49.619283,Delhi,26.76,68.8,0.0,175.9
2025-09-11 01:42:49.619283,Mumbai,25.57,90.0,0.0,104.4
2025-09-11 01:42:49.619283,London,14.52,100.0,0.0,35.6
2025-09-11 01:42:49.619283,New York,19.05,73.6,0.0,35.0
2025-09-11 04:42:49.619283,New York,21.61,76.4,0.0,22.4
2025-09-11 04:42:49.619283,London,9.05,59.5,0.7,109.3
2025-09-11 04:42:49.619283,Delhi,26.71,71.0,0.0,192.7
2025-09-11 04:42:49.619283,Mumbai,25.31,87.3,0.0,54.5
2025-09-11 07:42:49.619283,Delhi,27.76,59.1,0.0,177.4
2025-09-11 07:42:49.619283,Mumbai,27.57,88.9,0.0,131.8
2025-09-11 07:42:49.619283,London,12.91,62.3,0.0,30.0
2025-09-11 07:42:49.619283,New York,22.04,63.6,0.0,65.0
2025-09-11 10:42:49.619283,New York,24.67,61.5,0.0,67.1
2025-09-11 10:42:49.619283,Delhi,29.11,69.9,0.0,200.3
2025-09-11 10:42:49.619283,Mumbai,22.32,91.7,0.0,137.4
2025-09-11 10:42:49.619283,London,16.28,66.6,0.0,10.0
2025-09-11 13:42:49.619283,London,16.89,56.4,0.0,31.9
2025-09-11 13:42:49.619283,New York,26.84,75.8,0.0,84.4
2025-09-11 13:42:49.619283,Delhi,32.73,58.8,0.0,143.0
2025-09-11 13:42:49.619283,Mumbai,32.93,75.3,0.0,181.0
2025-09-11 16:42:49.619283,New York,25.87,59.8,0.81,41.1
2025-09-11 16:42:49.619283,London,17.04,62.0,0.0,37.3
2025-09-11 16:42:49.619283,Delhi,31.81,65.7,0.0,115.9
2025-09-11 16:42:49.619283,Mumbai,32.37,85.3,0.0,89.9
2025-09-11 19:42:49.619283,Delhi,30.86,70.3,0.0,134.3
2025-09-11 19:42:49.619283,Mumbai,32.15,92.8,0.0,117.0
2025-09-11 19:42:49.619283,London,20.03,78.2,0.0,48.3
2025-09-11 19:42:49.619283,New York,22.81,52.8,0.0,116.4
2025-09-11 22:42:49.619283,Delhi,30.55,53.6,0.0,139.3
2025-09-11 22:42:49.619283,Mumbai,30.07,74.3,0.05,68.7
2025-09-11 22:42:49.619283,London,14.08,67.1,0.0,63.8
2025-09-11 22:42:49.619283,New York,26.69,72.4,0.0,107.8
2025-09-12 01:42:49.619283,New York,17.79,49.8,0.0,25.2
2025-09-12 01:42:49.619283,London,12.34,56.6,1.69,22.4
2025-09-12 01:42:49.619283,Mumbai,22.54,63.5,0.0,85.8
2025-09-12 01:42:49.619283,Delhi,27.95,67.0,0.0,129.1
2025-09-12 04:42:49.619283,Delhi,27.23,66.9,0.1,135.3
2025-09-12 04:42:49.619283,Mumbai,26.88,81.5,0.0,156.7
2025-09-12 04:42:49.619283,London,10.83,72.7,0.0,33.5
2025-09-12 04:42:49.619283,New York,20.97,55.9,0.0,89.2
2025-09-12 07:42:49.619283,Delhi,28.3,55.8,0.0,105.2
2025-09-12 07:42:49.619283,Mumbai,26.95,92.6,0.0,171.5
2025-09-12 07:42:49.619283,London,13.32,81.9,0.0,24.7
2025-09-12 07:42:49.619283,New York,18.22,79.7,0.0,74.2
2025-09-12 10:42:49.619283,Delhi,25.54,57.9,0.0,162.9
2025-09-12 10:42:49.619283,Mumbai,28.1,72.8,0.0,87.8
2025-09-12 10:42:49.619283,London,16.84,77.5,0.0,18.9
2025-09-12 10:42:49.619283,New York,20.33,74.8,0.84,106.3
2025-09-12 13:42:49.619283,New York,23.78,69.3,0.0,82.4
2025-09-12 13:42:49.619283,London,16.93,70.5,0.0,36.8
2025-09-12 13:42:49.619283,Delhi,30.11,51.6,0.0,164.0
2025-09-12 13:42:49.619283,Mumbai,30.9,83.1,0.0,123.2
2025-09-12 16:42:49.619283,Delhi,36.78,73.5,0.22,148.5
2025-09-12 16:42:49.619283,Mumbai,33.88,70.2,0.0,109.6
2025-09-12 16:42:49.619283,London,18.82,49.2,0.0,80.9
2025-09-12 16:42:49.619283,New York,28.08,64.6,0.0,77.4
2025-09-12 19:42:49.619283,Delhi,30.42,74.5,0.0,155.9
2025-09-12 19:42:49.619283,Mumbai,32.22,64.8,0.0,97.2
2025-09-12 19:42:49.619283,London,19.96,77.1,0.0,66.8
2025-09-12 19:42:49.619283,New York,23.06,74.6,0.0,79.8
2025-09-12 22:42:49.619283,Delhi,31.78,63.9,0.0,131.6
2025-09-12 22:42:49.619283,Mumbai,27.76,69.5,0.49,124.7
2025-09-12 22:42:49.619283,London,17.9,61.9,0.0,51.4
2025-09-12 22:42:49.619283,New York,23.11,66.9,0.0,96.4
2025-09-13 01:42:49.619283,New York,19.32,77.8,0.0,54.1
2025-09-13 01:42:49.619283,London,13.65,83.1,0.0,49.0
2025-09-13 01:42:49.619283,Mumbai,27.42,78.8,0.0,144.0
2025-09-13 01:42:49.619283,Delhi,28.52,75.6,0.0,134.7
2025-09-13 04:42:49.619283,Delhi,29.67,77.5,0.0,176.7
2025-09-13 04:42:49.619283,Mumbai,25.8,89.5,0.0,106.8
2025-09-13 04:42:49.619283,London,8.8,68.5,0.0,56.2
2025-09-13 04:42:49.619283,New York,18.48,67.0,0.0,103.7
2025-09-13 07:42:49.619283,Delhi,27.89,58.0,0.0,118.4
2025-09-13 07:42:49.619283,Mumbai,27.77,78.7,0.0,173.6
2025-09-13 07:42:49.619283,London,14.36,66.2,0.0,60.0
2025-09-13 07:42:49.619283,New York,19.76,67.5,1.02,29.0
2025-09-13 10:42:49.619283,Delhi,29.06,54.7,0.0,178.1
2025-09-13 10:42:49.619283,Mumbai,30.48,77.8,0.0,135.1
2025-09-13 10:42:49.619283,London,16.92,74.8,0.0,21.2
2025-09-13 10:42:49.619283,New York,23.33,84.5,0.0,72.5
2025-09-13 13:42:49.619283,New York,25.65,60.2,0.0,84.2
2025-09-13 13:42:49.619283,London,19.53,70.3,0.0,67.0
2025-09-13 13:42:49.619283,Delhi,33.65,54.6,0.0,157.0
2025-09-13 13:42:49.619283,Mumbai,31.43,83.0,0.0,115.8
2025-09-13 16:42:49.619283,Delhi,34.85,88.2,0.0,169.3
2025-09-13 16:42:49.619283,Mumbai,31.9,95.3,0.0,180.9
2025-09-13 16:42:49.619283,London,19.38,82.7,0.0,56.5
2025-09-13 16:42:49.619283,New York,26.32,74.9,0.0,120.8
2025-09-13 19:42:49.619283,Delhi,32.74,73.0,0.0,175.2
2025-09-13 19:42:49.619283,Mumbai,31.75,78.8,0.0,104.9
2025-09-13 19:42:49.619283,London,17.0,72.9,0.0,10.0
2025-09-13 19:42:49.619283,New York,21.47,54.8,0.0,58.9
2025-09-13 22:42:49.619283,London,17.15,63.5,0.0,76.9
2025-09-13 22:42:49.619283,Delhi,32.4,64.2,0.0,167.4
2025-09-13 22:42:49.619283,Mumbai,30.43,78.9,0.0,176.8
2025-09-13 22:42:49.619283,New York,20.09,61.1,0.0,95.8
2025-09-14 01:42:49.619283,New York,19.92,59.9,0.0,56.6
2025-09-14 01:42:49.619283,London,15.34,76.7,0.0,77.6
2025-09-14 01:42:49.619283,Mumbai,29.23,87.2,0.0,100.5
2025-09-14 01:42:49.619283,Delhi,29.11,53.2,0.33,167.9
2025-09-14 04:42:49.619283,Delhi,26.51,56.9,0.0,122.2
2025-09-14 04:42:49.619283,Mumbai,23.03,85.3,0.0,145.2
2025-09-14 04:42:49.619283,London,16.59,77.6,0.0,61.6
2025-09-14 04:42:49.619283,New York,21.89,63.4,0.0,124.1
2025-09-14 05:09:38.238731,Delhi,32.05,62.0,0.0,
2025-09-14 05:09:39.037229,Mumbai,26.99,83.0,0.0,
2025-09-14 05:09:40.367038,London,9.42,86.0,0.0,
2025-09-14 05:09:40.992891,New York,20.64,73.0,0.0,
2025-09-14 07:42:49.619283,New York,19.78,69.9,0.0,120.2
2025-09-14 07:42:49.619283,Mumbai,26.54,79.7,0.0,181.5
2025-09-14 07:42:49.619283,Delhi,29.39,68.9,0.64,166.9
2025-09-14 07:42:49.619283,London,12.65,83.8,0.0,44.6
